State,Crop,Season,Area,Production,Date,yield
Andhra Pradesh,Rice,Kharif,1000.0,4500,2024-06-01,4.5
Telangana,Cotton,Kharif,800.0,1200,2024-07-01,1.5
Karnataka,Ragi,Kharif,600.0,900,2024-06-15,1.5
Andhra Pradesh,Rice,Kharif,775.0,5000,2024-06-01,6.451612903225806
Karnataka,Ragi,Kharif,700.0,1100,2024-07-10,1.5714285714285714
Andhra Pradesh,Maize,Rabi,900.0,3800,2024-11-01,4.222222222222222
Telangana,Rice,Rabi,750.0,3200,2024-11-15,4.266666666666667
Karnataka,Cotton,Kharif,850.0,1400,2024-07-20,1.6470588235294117
Andhra Pradesh,Groundnut,Rabi,500.0,1300,2024-12-01,2.6
